"path","sha256"
".gitignore","8e6425b31f015cacfc9b13df5580625e18e3b9c8edec18ef50ae882c0913f7a7"
"AUTHORS.md","908d5fa1e77aa4cca972fa3700a72203e608515f498f1c367fc24d442ab65063"
"CITATION.cff","9b200bf7bf454bef6eee8e7e63fc733c0189bc67802fac5a25cd321ab5bd7476"
"CONTRIBUTING.md","499f6b71e437ea1d2b9cc9b3b496b3f7303f8416a6592a9b875f45143551a7c8"
"docs/biohub_production_957_full_technical_architecture.pdf","2148da5f823af2b6a838fdd57defb3e9c15463d0f1e12cf2cb2ed674ebd0de1e"
"docs/DATA_LAYOUT.md","44f7eacce828eee60963f1c1bd07194b0e3ceafc846e42c450e5aae05988c32a"
"docs/DEVELOPMENT_EXPERIMENTS.md","9756c17c82cdb7cf05ee42702ec4cc20edd35105409a735ea47bd2ec7f8f354c"
"docs/DIVISION_DATA_CATALOG.md","a49d9395cb75111a8ac3ac9a15908e230b6cc6c49a4d85281d9371c745b37d57"
"docs/DIVISION_GBM_V1_V2.md","a7f2e2435dbf86d8e8b03ec6dd9f631268ef894dd5562e5d5ce7917a81e6c270"
"docs/EXPERIMENTS.md","67be7256f348ab6725dcba61c785ef128dfe0047098e0775cf1079a7c79d7c61"
"docs/HOCT_EXPERIMENT.md","7ef1650c30c4960fa380045b3f7dee0837c24c265d7c0093477ab08b1c759a86"
"docs/images/division_parent_gate_v2_parallel_gpu_cpu.png","d5f9319a42471aa7042dac0732f723c30820aa444ce3f313126961e7616076ca"
"docs/images/division_v1_v2_anytime_workflow.png","24cbf636e449a75d7abd63bfdd555d96f2fa5324b42f45e12fdba7b738ea2f30"
"docs/LEARNED_MOTION_COST_CORRECTOR_V1.md","5b23ac69816e7fca8a32a048e68e34adf9e31bc45c04d349f7b19af66cc75cae"
"docs/MODEL_C_V2_INTEGRATION_LOSS_AUDIT.md","d3f937a3526613d8eb97789fe3a0dc6f83188f1ba44077fcf86d1df19aa5e6a4"
"docs/MULTIFRAME_CONTEXT_LINKER_EXPERIMENT.md","5d9af77b61bd404ba0e9764b140f948a5c1f501e7af1595bf20c25382b4a6ec5"
"docs/PATCHED_DIVISION_METRIC_AUDIT.md","12300c46b8a2cb68a9817a3393f8fd014634e1275f304830ce55cb7f14df2b4b"
"docs/PUBLICATION_CHECKLIST.md","059b0f80cdf53f6b0ff1b26458f1e243807ed8194e70a493f7da58e309254192"
"docs/REPOSITORY_HISTORY.md","9bcf7091e8f293347d70e407aa415a1d28d2dd2ed6515c1597bbdf88e1513889"
"docs/REPRODUCIBILITY_NOTES.md","c6d1204283247663716af4e2293ae5724883ec74c5dc9e5397124ee248ffa47c"
"docs/STRUCTURED_ASSOCIATION_V1.md","e3c4d038ce586716699dc14a45d8fac794742d613be6295dff088ca09093f6bc"
"docs/TRAINING_GUIDE.md","04e6a778bb5ad467cb78dab06b40b7179502898f081ed1f6e67ef80225b13d39"
"FILE_INDEX.md","13246659a1f33a81aae6d8c312e027cf847b5dddf79e32f2ece74eb268c74f06"
"helpers/01_p1_p2_base/p1/ARTIFACT_MANIFEST.json","bc20f1f04cfb682af3b27a836ce9a57f44a2fe27508dc59039200b2a23188103"
"helpers/01_p1_p2_base/p1/config.json","e9b4e396c58081bca08adf8275bd0bd1c2d3fd6eb091a1912a5116cb6de7b50a"
"helpers/01_p1_p2_base/p1/kaggle_dependency_install_command.txt","91af38b05a2f70ff62424a1ce0cc885f88b0e481b0f67b45ed90c9469a14d770"
"helpers/01_p1_p2_base/p1/README.md","157aa6f5733bfedeca2f4d10d6e00a1c6d3dd26e6313d093e1e9227a6ae59dfc"
"helpers/01_p1_p2_base/p1/requirements-unet-ilp-kaggle-predownload.txt","6273c02435d1c14800012ce083b0f5e8c7487670de335ab04282be190aded474"
"helpers/01_p1_p2_base/p1/requirements-unet-ilp.txt","c379d7d7cae4e219364422f97fb2d110bd7eac9512c64b23915de882d858a0d5"
"helpers/01_p1_p2_base/p1/source_scripts/build_biohub_support_pack.py","01a895ece59fd842bd80e936104d6a22be3c498cd87c7b8bf280a1f8367e1556"
"helpers/01_p1_p2_base/p1/source_scripts/package_and_upload_support_pack_version.sh","3d51bbef78075247757dc39df641bfd34223d24b09eb04656709975599994941"
"helpers/01_p1_p2_base/p2/config.json","e9b4e396c58081bca08adf8275bd0bd1c2d3fd6eb091a1912a5116cb6de7b50a"
"helpers/01_p1_p2_base/p2/history.csv","dfc4fd06d0c32b31bb1a35944fda1457c7585134e2596583e611c41880960ba2"
"helpers/01_p1_p2_base/p2/SNAPSHOT_MANIFEST.json","11a09cf761999695f5da2dd06d7a7ad32886dc7617d3fde3c8efe081041c9fd2"
"helpers/01_p1_p2_base/p2/split_manifest.json","cbe8ace34ffc157172280538441454b60250f0188faa063d1a9eadfb1ac55c0b"
"helpers/01_p1_p2_base/p2/training_config.json","4f29349439e133ad41846dec14b30f5cdbe2b7bb20908c5d0d3d205b5d71a87b"
"helpers/01_p1_p2_base/shared_repo/scripts/augmentations.py","13db09817bf492f8d0f710a0a4d09776320b262060167055090a303fc6057f4e"
"helpers/01_p1_p2_base/shared_repo/scripts/dataspec.py","e69bf952fb985477ac50ff8598a35020c95d20a035a09b81ab4056e655dd311f"
"helpers/01_p1_p2_base/shared_repo/scripts/evaluate.py","614813cc51c3581c6ccda4bb20725a19da8ecac4a27620654bfca58319cffa3c"
"helpers/01_p1_p2_base/shared_repo/scripts/predict_unet_transformer.py","c44e771ba5980b820f93091e03a303c25dfe8f3232e501f54dc9565731c234b9"
"helpers/01_p1_p2_base/shared_repo/scripts/train_unet_transformer.py","c4f6317736bb3bb1ec8f3f6e9a6d935a463e3f0f1f685481b2d13218d35dc9ea"
"helpers/01_p1_p2_base/shared_repo/src/biohub_tracking/__init__.py","26a18d8da84e40da73281a48ebc3017d847a2e57431ab63e8629d2109e6e8571"
"helpers/01_p1_p2_base/shared_repo/src/biohub_tracking/division_metrics.py","d1cf1e0a43009d02174f1699ce2aa28458a2220ac4b521731d3bcf31cf8c76be"
"helpers/01_p1_p2_base/shared_repo/src/biohub_tracking/img_proc.py","00e8ef0adc8b39f1aaaa547ea6197b906bf9e8c009e339d3e95f8f8dbf31be3f"
"helpers/01_p1_p2_base/shared_repo/src/biohub_tracking/io.py","efae135b088cecaab463d889f16c885ef6da3ad27b0747327d8ddc28d866b7bd"
"helpers/01_p1_p2_base/shared_repo/src/biohub_tracking/metrics.py","31baf45b54c78f68bab4f65dd8f4b38bca702abb644171c6df7c46cdeef55d83"
"helpers/01_p1_p2_base/shared_repo/src/biohub_tracking/models/__init__.py","ab7587ef79856bae50d24b62e5805092d0459ee1c586522b763f9ef70c093e1d"
"helpers/01_p1_p2_base/shared_repo/src/biohub_tracking/models/simple_node_transformer.py","b97209edeb03840e80d903e3e2a8c81c520641c8ef343f6ca2904d0f80db064e"
"helpers/01_p1_p2_base/shared_repo/src/biohub_tracking/models/temporal_unet.py","d809c35d42f504161074ddeaaa7aee5b407e5bca7f9b4e1d5f9b2ff345666cac"
"helpers/01_p1_p2_base/train_unet_transformer.py","c4f6317736bb3bb1ec8f3f6e9a6d935a463e3f0f1f685481b2d13218d35dc9ea"
"helpers/02_model_c/decoder/training_summary.json","03ae1bbe7f1c1728ea1d490ceaf1dc818a92c2aee80493b24149aac3b52347a0"
"helpers/02_model_c/deploy_spec.json","fc611eef9988b74ccb8140ccb3998067cf624365866f4364f1ec62cc0e7a8781"
"helpers/02_model_c/division_balanced_175_20_split.json","cbf5be2726a2436bc8627f62c93b14172edb3371f58f9aed29350788133030de"
"helpers/02_model_c/division_gbm_runtime.py","f7a8270ca712e8b1266d1b0bcbbb6b48b5c131f2fbd062e671d75a8d8ad6508c"
"helpers/02_model_c/model_c_safe_runtime.py","e7feb648699bfd3c22f42fb4382bba0538fe17da0434141aab9d9859cc8ec75b"
"helpers/02_model_c/model_c/config.json","fdeff5809574543376eeee4fe83d9c344f45680535b505c9d712ecd77b966a57"
"helpers/02_model_c/MODEL_MANIFEST.json","d1e55ddc5eb4952c25ad8ad0013698557ba4cf140910ec6cfe318d3b2a6dafac"
"helpers/02_model_c/README.md","8ce717d3e2095e2b11658f42d7710ba96c2f0466f67514620ae461b14fca9a38"
"helpers/02_model_c/runtime_spec.json","32314e54198234cb354e80aa11097fe147bb790022e823a5a8b023fd455017fe"
"helpers/02_model_c/train_division_pair_model.py","f7bc508492b52088069260da9f65a4468e692b0aa1d0cb5ff87045ee518709cd"
"helpers/02_model_c/train_model_c_v2_event_decoder.py","16c84534fb38f1f63b957e8c65d63edc66cfba8894b4e13d89fb9b82ec5177e7"
"helpers/02_model_c/train_unet_transformer.py","c4f6317736bb3bb1ec8f3f6e9a6d935a463e3f0f1f685481b2d13218d35dc9ea"
"helpers/03_source_cardinality/combined_held20_exact_graph_summary.json","ed24b72ccbab3f5d9affdfe33d63cc96f0d1ffdb7a07a6436ee206b119425c4b"
"helpers/03_source_cardinality/deploy_spec.json","a33118eafcfaaa61c4f3f39d49f786f3e34550753f32eca595bbf0689e3c25ec"
"helpers/03_source_cardinality/division_balanced_175_20_split.json","cbf5be2726a2436bc8627f62c93b14172edb3371f58f9aed29350788133030de"
"helpers/03_source_cardinality/export_model_c_native_division_evidence.py","01b1040ec8f2b6c3008c3147361a6e66468c05b3372302b5044c19642fc1c3de"
"helpers/03_source_cardinality/extract_held_population.py","ba4e10ae32c37d38a1cb80ff16a3c0b39b7f97781dbb99a7f762de7b495507a4"
"helpers/03_source_cardinality/extract_public934_cardinality_held20.py","ba4e10ae32c37d38a1cb80ff16a3c0b39b7f97781dbb99a7f762de7b495507a4"
"helpers/03_source_cardinality/held20_exact_graph_summary.json","5d86d60e852032aa9e62bc541c13d212d27892baf32272ae37574c5641970e40"
"helpers/03_source_cardinality/README.md","f255b1142c8b80e675e412842ec8e56d82f0150246dfbecb36cfa746f4aac212"
"helpers/03_source_cardinality/replay_held_graph.py","f4ecee3ae8814c21c3c49b24d89e06cae58430c936a3418b06b4aace3762ec08"
"helpers/03_source_cardinality/replay_public934_cardinality_held20.py","f4ecee3ae8814c21c3c49b24d89e06cae58430c936a3418b06b4aace3762ec08"
"helpers/03_source_cardinality/source_cardinality_graph_runtime.py","11f2d33e171f53cde768b086da56edb2b11e9071dc25ba46dd13860693009e10"
"helpers/03_source_cardinality/source_cardinality_runtime.py","456ddf3a4b1edd044b419897ee566d191a7f4931bb7957dabf8033ffd48d55f9"
"helpers/03_source_cardinality/tracker_e_data.py","a87a3cbc1cf5e90f09654941afdc0b5593f4d5b0e7bb06e967aa028ef61d8e4d"
"helpers/03_source_cardinality/train_public934_source_cardinality_head.py","aa036498baa10ca6b879d380f219368899bc48138f699505b44766b61e01923d"
"helpers/03_source_cardinality/train_source_cardinality_head.py","804e0876be7f8f592669e1a069c9dca51eed1ecc9d7e79826f480266b32a487e"
"helpers/03_source_cardinality/training_summary.json","ff0c1d9e382f2ba6d2e88c94a309644557183fb2611aa2501126ec9d3c2459bd"
"helpers/04_unigraft_p1p2/division_balanced_175_20_split.json","cbf5be2726a2436bc8627f62c93b14172edb3371f58f9aed29350788133030de"
"helpers/04_unigraft_p1p2/package_public949_unigraft_p1p2_independent_v1.py","c1c7b46133444e87f77ba1350b2c8db251519659ec1c082bdb8f8dce0857038a"
"helpers/04_unigraft_p1p2/replay_unigraft_p1p2_late_ensemble_held20_v1.py","6833b0eeebd396437f7c6fb01efb24dff10373ef113fe46f70b4d2f2916ba125"
"helpers/04_unigraft_p1p2/tracker_e_data.py","a87a3cbc1cf5e90f09654941afdc0b5593f4d5b0e7bb06e967aa028ef61d8e4d"
"helpers/04_unigraft_p1p2/train_p1p2_only_cardinality_head.py","6644f55facec1105a046ebbbc6722df6c10e1f11bf99bf9eb31accfe59fc2f82"
"helpers/04_unigraft_p1p2/train_public934_p1p2_only_cardinality_head_v1.py","6644f55facec1105a046ebbbc6722df6c10e1f11bf99bf9eb31accfe59fc2f82"
"helpers/04_unigraft_p1p2/train_public934_source_cardinality_head.py","aa036498baa10ca6b879d380f219368899bc48138f699505b44766b61e01923d"
"helpers/04_unigraft_p1p2/training_summary.json","3f99e86049b674c68b7d06480124719c7ac54c963d36856983c82163e73f314e"
"helpers/04_unigraft_p1p2/unigraft_p1p2_late_ensemble_runtime.py","b89e565f1322021485fe0adf9071dc81c10e2827a7c441b85c26d36eac8f5170"
"helpers/05_live_v2/build_live_v2_global_bundle.py","ba59c68e6dc845c2874ae70b36bd31855b23cb79be2c72551ed4be9c8cbb5af3"
"helpers/05_live_v2/build_public952_live_v2_global_bundle_v2.py","ba59c68e6dc845c2874ae70b36bd31855b23cb79be2c72551ed4be9c8cbb5af3"
"helpers/05_live_v2/live_v2_global_bundle_runtime_v1.py","b11d816710b1de1abdd25f25d3d2a416784a208ad56ab56cc249f59abfd24954"
"helpers/05_live_v2/live_v2_global_bundle_runtime.py","b11d816710b1de1abdd25f25d3d2a416784a208ad56ab56cc249f59abfd24954"
"helpers/05_live_v2/manifest.json","0a570a190741aeb981f3695b0816932264cc1303cb9fc8f9047ad2aece34ff3f"
"helpers/05_live_v2/package_live_v2_global_bundle_v2.py","cf18237566fd092600f97b55e70fb1f9000bed98092b4f9ef3f1bc73583750ce"
"helpers/05_live_v2/package_live_v2_global_bundle.py","cf18237566fd092600f97b55e70fb1f9000bed98092b4f9ef3f1bc73583750ce"
"helpers/05_live_v2/README.md","add858d04a218f8ff359936ed8d2f020c3d379fba0010bc537ff02f82eb3ac0d"
"helpers/05_live_v2/SHA256SUMS.json","b01831f4ef1874870f59925a894d7b63a133023f6e7d9605837491195dba6ad0"
"helpers/05_live_v2/validate_live_v2_global_bundle.py","360fd8a4ed4380f157c8140e96d00e5b2b089566bcfde4bbffd22cd43566eb91"
"helpers/05_live_v2/validate_public952_live_v2_global_bundle_release_v2.py","360fd8a4ed4380f157c8140e96d00e5b2b089566bcfde4bbffd22cd43566eb91"
"helpers/05_live_v2/validate_public952_live_v2_global_bundle_v2.py","c1070e47b40abf133e325a026d963c47cf490558c9b0cd6acc3a88c5f349ffc8"
"helpers/06_full_population_ownership/benchmark_ownership_feature_groups_v3.py","1effbef9ac681f65a081c07be22a1d907a67e9ffd3739a555cebbe62cabb2fc6"
"helpers/06_full_population_ownership/build_ug12_ownership_geometry_bank_v2.py","8e7b048965ce2e5d00938b9fed2b422028248e7290d7c8b5785c753230c573be"
"helpers/06_full_population_ownership/deploy_spec.json","d403490d27e5f952c6b5fa1e24844043417be8d2cc3b452149a34ef2592820b7"
"helpers/06_full_population_ownership/manifest.json","66296edbca1ecfd0c742b7c4268c6c45f189701624d710c66282f2f7eb1fdc81"
"helpers/06_full_population_ownership/materialize_ownership_full_population_after_specialist_v1.py","e81821c25830e8d330dfb479f0e14c9dabf20e053c6172c7bae2a99fa2907354"
"helpers/06_full_population_ownership/ownership_full_population_runtime_v1.py","1e274d0abd1219d92c4c0ceeba6315d1c7422781c49ea4a88e318e187da3bdb4"
"helpers/06_full_population_ownership/ownership_metric_utils.py","8f93920fe594710251f6be149f8a6b46925d00b2c91ab8c868d5034b48405348"
"helpers/06_full_population_ownership/ownership_runtime.py","1e274d0abd1219d92c4c0ceeba6315d1c7422781c49ea4a88e318e187da3bdb4"
"helpers/06_full_population_ownership/package_full_population_ownership_kaggle_v1.py","cd90580d8e898404f67a5b79c0a7f12718c0fc5fc83d17489bc1fa52970e9813"
"helpers/06_full_population_ownership/package_full_population_ownership.py","cd90580d8e898404f67a5b79c0a7f12718c0fc5fc83d17489bc1fa52970e9813"
"helpers/06_full_population_ownership/README.md","c6161db1ba23c28a2606b9072fbdec1c5bfb31184a8dfd3ca0919efc8ad77c47"
"helpers/06_full_population_ownership/replay_ownership_after_specialist_exact_v1.py","9cbf31aae906d87e30a5bbbe6c588cd030719c288fc14a3996761d514d4326bf"
"helpers/06_full_population_ownership/run_ownership_full_population_after_specialist_exact_v1.sh","2309a6dbca8188717c792435f3200f332b9cac85edc6c7d37c24779b96359086"
"helpers/06_full_population_ownership/score_and_fit_ownership_oof.py","94552c2b4bf6a7f6c4e6f5a17f0bf10b2b7962d077eee134ad35ba9f827da224"
"helpers/06_full_population_ownership/score_ownership_open_recall_oof_v2.py","94552c2b4bf6a7f6c4e6f5a17f0bf10b2b7962d077eee134ad35ba9f827da224"
"helpers/07_edgegraft/artifact/edgegraft_component_runtime_v1.py","74319ace96f43e370c6dab1a965bb425642b6248924a0b3073f3a2e5a6b5c2e7"
"helpers/07_edgegraft/artifact/edgegraft_v15_runtime_v1.py","c5375e55ede4d71559d06d737ac17d843158ac5c54bfc5b18a3b99542a2df466"
"helpers/07_edgegraft/artifact/edgegraft_v3_deploy_runtime_v1.py","f59f912fad64d44c34bb491dfc7644b72ed6b8607af7744b6f6d83c3f06103aa"
"helpers/07_edgegraft/artifact/edgegraft_v3_deploy_runtime_v2.py","240429890fe05bdcdb227a1bbe2809c241db69b6bb5a61d952903878deb6374e"
"helpers/07_edgegraft/artifact/edgegraft_v3_deploy_runtime_v3.py","a1e977e44f7f7036cef3a7117318dc163ba675c08e57844a16035f7887013d87"
"helpers/07_edgegraft/artifact/edgegraft_v3_deploy_runtime_v4.py","c379a7aee2282a7fe13e9e2209a58f693bd09c66c6c0a580dec5e792b8d2f1c2"
"helpers/07_edgegraft/artifact/edgegraft_v3_deploy_runtime_v5.py","14e7bbf89ac1c8dcab03095e7d993b6fb930071c7fe581c123db3e734c4f7837"
"helpers/07_edgegraft/artifact/manifest.json","bb698828c776dc46a659b9c456ef7b2814471d1097847b32cdf8c7bb1c16a45b"
"helpers/07_edgegraft/artifact/metric/report.json","2e5432009b68707217e60d3f74d84c040e3f27a1e67d72f65f2c1a5f8e201dc8"
"helpers/07_edgegraft/artifact/ranker/report.json","658af9126cbeb54e2680881295ed0a7a074124dc4cd135659db4d0fd5a1ab21c"
"helpers/07_edgegraft/artifact/README.md","cb2187be0ba110b0352a22f84e6414a2e337252302de604b8a66d4dc9345b995"
"helpers/07_edgegraft/package_edgegraft_v3.py","603a45e0c9499d01b0fbd3387e7d68ac7f482968cb1c69df2fee4a0b67b6a0a7"
"helpers/07_edgegraft/training/audit_edgegraft_component_oracle_v1.py","56535790de4c701a62f320ee4a5723548de053aec0f3106bc8be7740e2ea84fe"
"helpers/07_edgegraft/training/build_edgegraft_current_labels_v2.py","770e60c1152de132c630928e0ef2bef25eb596f707cf6d9bf445b571088e1f84"
"helpers/07_edgegraft/training/edgegraft_metric_utils.py","2634e55b5c2437704c810213780294d1aa96f41b29a885499b5c9938c3d1b587"
"helpers/07_edgegraft/training/package_edgegraft_v3_full_population.py","603a45e0c9499d01b0fbd3387e7d68ac7f482968cb1c69df2fee4a0b67b6a0a7"
"helpers/07_edgegraft/training/replay_edgegraft_component_model_v1.py","de0291501a26b2c33bbe4f7ad7c3b172cb4c6c6c88512f23190015e38e9a5c16"
"helpers/07_edgegraft/training/run_edgegraft_current_labels_v2.sh","7716cfdcd3cfbfae88c869832b43441d4e3f983c90e1cb41f325301a71fd11dd"
"helpers/07_edgegraft/training/run_ug23_boundary_oof_exact_v1.sh","56cf2c551caf3c3c53f101c612392849d703f5556741942025281cf202c0b157"
"helpers/07_edgegraft/training/train_edgegraft_current_ranker_v2.py","0037737d6055cbd8d60265f996854bbc9805ed68ded962b9e90dfe8395d183f4"
"helpers/07_edgegraft/training/train_edgegraft_current_ranker_v3.py","3ea31069605d15716f9b8ab632979b18d074e1c64bb28877281270fdfd8904d2"
"helpers/07_edgegraft/training/train_edgegraft_v2_transaction_gate.py","aa5a642f378a474a2abb39c555228cf3c7b0109e8751613887555808b37f6372"
"helpers/07_edgegraft/training/train_edgegraft_v3_metric_transaction_gate.py","4df5c2d2eaa983ab18a2c55f9e70b88d8e0991179584dc799a5afc2ff8599b56"
"helpers/08_candidategraft/artifact/candidategraft_direct_runtime_v1.py","bf01b2a814db7e6f7ceefd8c1d07d5065604df68b15128c3559a1b5d771af70f"
"helpers/08_candidategraft/artifact/manifest.json","3c9864c108896813de8873a4aaefc90cefb072f31db8bde224a719fb15b3030f"
"helpers/08_candidategraft/artifact/README.md","246b16fdc4422949b4f41ef75052108da3d9bf30e65002479ae77fe876d25e69"
"helpers/08_candidategraft/artifact/report.json","322e522498c8020a461ef5208141b41a55bd1f5db506b3cd22e62f7b66a441b4"
"helpers/08_candidategraft/build_candidategraft_package.py","98febc2296484ec5d6713eddb420a0cbb7dd227bb574377dd067624bce6ffee5"
"helpers/08_candidategraft/replay_final_fit.py","97bec92f7b2ea3fd8e8b411ef33cf1d5e6c34e5aca6f4d07f27e791ea00ab147"
"helpers/08_candidategraft/replay_held20.py","f42c36fc4b08d957e37c102570b51efe7830f0c975801dd27f1b82218492fd24"
"helpers/08_candidategraft/training/audit_native_endpoint_candidate_graft_v1.py","41a82f41938448f6773920cbd6b1be2925a741882c51615b58a9d08abae617ae"
"helpers/08_candidategraft/training/build_candidategraft_direct_candidate_v1.py","98febc2296484ec5d6713eddb420a0cbb7dd227bb574377dd067624bce6ffee5"
"helpers/08_candidategraft/training/replay_candidategraft_direct_final_fit_v1.py","97bec92f7b2ea3fd8e8b411ef33cf1d5e6c34e5aca6f4d07f27e791ea00ab147"
"helpers/08_candidategraft/training/replay_candidategraft_direct_held20_v1.py","f42c36fc4b08d957e37c102570b51efe7830f0c975801dd27f1b82218492fd24"
"helpers/08_candidategraft/training/replay_native_endpoint_candidate_graft_v1.py","e3dd5f85651dea671313c61384e933aaa085073b58f5e7c14866f0c32c6848c2"
"helpers/08_candidategraft/training/screen_native_endpoint_candidate_graft_v1.py","07d96d763ed1bac4f35a05baecb61c165df2a5abe636d468b1f63973f1b78ad1"
"helpers/08_candidategraft/training/train_candidategraft_direct_v1.py","acf779554d30b97181c666b94bae66ca1ce66a5423e2dcadf5f06e528259d797"
"helpers/09_motion_corrector/CURRENT_PRODUCTION/checkpoint_inspection.json","b99b79f07884d546605b98458f0e01a9ca575e609e09303d606350608cd0174a"
"helpers/09_motion_corrector/CURRENT_PRODUCTION/inspect_checkpoint.py","2096b26d3ede04faffe324d93a0ce2da191127cd2b628230dd8e7050bd299581"
"helpers/09_motion_corrector/CURRENT_PRODUCTION/validation_history.json","22bf73ac4220072d9c069eeda6f8e3e68cab385a88a3d5e94af750c3775c6121"
"helpers/09_motion_corrector/MANIFEST.json","f050db5b845521bc03658aca396c2089c911a150673f896faf67502956a466ac"
"helpers/09_motion_corrector/PRODUCTION_RUNTIME/production_motion_runtime_excerpt.py","d165063220ba241b75e37de225f7e310fa31152a727d102c0136a3b9cb1c4a7d"
"helpers/09_motion_corrector/PRODUCTION_RUNTIME/production_runtime_contract.json","689de2bc3f800c59c1f0cd10c838d9aec0fff1d4ed707c4942d4cf0ec72e154c"
"helpers/09_motion_corrector/README.md","ce81d4cf20adac2ce55b5c505afd970f2fa2096d074ce0277f16e44b87039bd5"
"helpers/09_motion_corrector/SHA256SUMS.txt","5fb8a4ac8c2f8b545949621f29558c01e54f695af46873643f74283a5d36c87b"
"helpers/09_motion_corrector/TRAINING_V1/AB_GRAPH_IDENTITY.md","1ab00e558c5abafd42b1bfad2ce8e2b71f4a12a841554b68bf8b55ddb6c870ac"
"helpers/09_motion_corrector/TRAINING_V1/finetune_edge_head_on_proposals.py","42118e29894b45c8dab9c31b77804af9a9b8408dfef5d56f127ce538d88a0c22"
"helpers/09_motion_corrector/TRAINING_V1/splits_ensembleB.json","bd8412cd8b4033d665a0fdcdcb2f5da288ce679266c964d655b5381c5e8bfad9"
"helpers/09_motion_corrector/TRAINING_V1/train_motion_cost_corrector.py","6a069e1d839bdf826f256716c2d7666fb2edab93397618bf771a2c97f8152bbd"
"helpers/09_motion_corrector/TRAINING_V1/TRAINING_POPULATION.md","643e4f263621a2759020eab9abd0df25fde515f54a3de6dc981e87a2959ffa59"
"helpers/10_deepcenter/ARTIFACT_MANIFEST.json","3bfe97304e9bbc3b3481a095392a1e83937315325bac8b987eb527d2951b96f3"
"helpers/10_deepcenter/build_full_frame_center_pack.py","bb5dcb238bb1bf56f130d0ad028329a210b714a62bf2e433cf4a64412c361be0"
"helpers/10_deepcenter/README.md","f3cc09ddb5d4604c5653330f54d87177a89420c2630d8f87864abfc5e667d5ed"
"helpers/10_deepcenter/run_full_frame_center_training.sh","262c6a833794e6223c95c9ea2ec29efe734d2bc63a23eb3e9ab9c2df73702d71"
"helpers/10_deepcenter/source_scripts/build_full_frame_center_pack.py","bb5dcb238bb1bf56f130d0ad028329a210b714a62bf2e433cf4a64412c361be0"
"helpers/10_deepcenter/source_scripts/package_and_upload_full_frame_center_pack.sh","bcab0b41370673214760a86db2057599f4155a5762343a04587dddbcebbf68b5"
"helpers/10_deepcenter/source_scripts/run_full_frame_center_training.sh","262c6a833794e6223c95c9ea2ec29efe734d2bc63a23eb3e9ab9c2df73702d71"
"helpers/10_deepcenter/source_scripts/train_full_frame_center_detector.py","96f39e25901fc3f728d08d945efa62c5eac28d4ef771d71889053b65396cde5e"
"helpers/10_deepcenter/train_full_frame_center_detector.py","96f39e25901fc3f728d08d945efa62c5eac28d4ef771d71889053b65396cde5e"
"helpers/10_deepcenter/validation/config.json","9b0d1d8a0bbcd6661795efe1c1221288ee152f29a6d63ded26278986b74e97b3"
"helpers/10_deepcenter/validation/gate_frame_metrics.csv","5bc49b72f9a0ed793c0aba24a5c5d71c677a2e3a565151ec5756751c6f7f5734"
"helpers/10_deepcenter/validation/gate_peak_samples.csv","c3e3a837267976b5002a83815223f7b05a3da66346a7d554b955415a0eb87780"
"helpers/10_deepcenter/validation/gate_summary.json","0062df0daed741157b816d64d10aee8cd0d02a12408effc8a8950a26ebb3b7d7"
"helpers/10_deepcenter/validation/gate_threshold_metrics.csv","357e4a364e5fa21f0381f6e779ed5478e3e43133bb6a665712b3a8dd8263d08c"
"helpers/10_deepcenter/validation/history.csv","59f6ef2a342ccfc6464990606557ba9e71baeced3e447d21f8cc3f5a7656f4ce"
"helpers/10_deepcenter/validation/SNAPSHOT_MANIFEST.json","e7d791b1500610602f33a1e0576f04804a734762df306ff008226b9f2c608d6e"
"helpers/10_deepcenter/validation/split_manifest.json","c1cc5b597fa9bc647390920affdd5bc4cb27ee1ea84e1cedb59d108a68c2a845"
"LICENSE","cfc7749b96f63bd31c3c42b5c471bf756814053e847c10f3eb003417bc523d30"
"models/README.md","2d91886eccbda09f20078eefc5b59f9a0a5ced1db30876b8073d514d308b86fa"
"notebooks/division-gbm-model-c-combined-primary-hidden.ipynb","9c2b88097b54a3b88575f823ced0e00ffd3b701649e6edcef70f3b54cc6a8530"
"notebooks/division-gbm-model-c-v2-arbiter.ipynb","c015a78186904290133f01efcc4e4936f545a5cfa50d3581e353b4ef27d02718"
"NOTICE","c4ea7224bf17db5fd4bb85fbf0828645076b35659a526aa4b4e936ffb0741d6e"
"production/fork-of-fork-of-division-focused.ipynb","83f346f59bb84bdb03c24081f4b4152032053deb00c0df488d9f6567742bb773"
"README.md","279b1885657cc4033bacf80aa61863044f43b375ff19f90d2c06d9fb585cfe01"
"REPOSITORY_MANIFEST.json","988fc0a4250b2996cf571452581a413cdc42963f12285fb066b003ac951542f2"
"requirements-training.txt","adcca8e5f3093b6eb298edeb93218e4d524114e79feb5806e1895c701bd10914"
"scripts/audit_cross_video_frame_reuse.py","466b70b1994f307b4053007cc272ac91bdcd8b1fbe54a5cfbe2695db7728fae3"
"scripts/export_ab_proposals.py","80d0903c5d4dae0a127a3775bbf36b2bb752c1c4ec13afe991ff9278c2208d25"
"scripts/finetune_edge_head_on_proposals.py","bc58a7f53296cdece33ab377bf3c7e45408486f463ad096abdc2968ca0843183"
"scripts/train_edge_corrector.sh","a9cc354c877fa9029f98791764a398c160847b6949c2ffe2ce5ab2230c1f2e94"
"scripts/train_motion_corrector.sh","77b4c1b3b79b86daf2a2b1f810520cbfc34289675d783a4426274347344a3989"
"scripts/train_motion_cost_corrector.py","18a1597cb9b7a0f1a9362647a26eaf700237602e30089871bd1434281ff490a9"
"scripts/train_residual_edge_corrector.py","87e2820f775bbc60ae3309394ac714e1428ca1a20a45cfa1d43eeda54f89b656"
"THIRD_PARTY_NOTICES.md","6c6918fe8452d49272cb1f3d60ca6ab0c612dd8eddc608fd8961e4716907736d"
"tools/verify_repository.py","63d25925c86898fd49aa2943ef1f7d6f3ab94972c53750519bc387b0d529b86e"
"TRAINING_AND_GRAPH_PROVENANCE.md","9507a41572f5efb5f5ca7db0e4380ece75a39161f221b5925fafe036935d2f17"
"VALIDATION.md","75f2459ba0aaddb70600cb2ac4bef71e258fdf0fb7e8443af958c3f46a71e33b"
