"path","bytes","sha256"
"BUNDLE_MANIFEST.json","1297","bc57d1b4000da2b5e4f126e3b09dea1c5d619eae8ed5d5e63bf5a766c22e594c"
"docs/biohub_production_957_full_technical_architecture.pdf","82996","2148da5f823af2b6a838fdd57defb3e9c15463d0f1e12cf2cb2ed674ebd0de1e"
"docs/EXPERIMENTS.md","9422","b6ad6a3492774dfc9e6cd25c655a2c8461763df14610b4893d0df20efed3bd66"
"FILE_INDEX.md","1984","4d356e0f6700d6d1a71f4af63de8487efa777d04da9ec27c20e86cedd887c1cc"
"helpers/01_p1_p2_base/p1/ARTIFACT_MANIFEST.json","4376","bc20f1f04cfb682af3b27a836ce9a57f44a2fe27508dc59039200b2a23188103"
"helpers/01_p1_p2_base/p1/config.json","165","e9b4e396c58081bca08adf8275bd0bd1c2d3fd6eb091a1912a5116cb6de7b50a"
"helpers/01_p1_p2_base/p1/kaggle_dependency_install_command.txt","119","91af38b05a2f70ff62424a1ce0cc885f88b0e481b0f67b45ed90c9469a14d770"
"helpers/01_p1_p2_base/p1/README.md","1729","157aa6f5733bfedeca2f4d10d6e00a1c6d3dd26e6313d093e1e9227a6ae59dfc"
"helpers/01_p1_p2_base/p1/requirements-unet-ilp-kaggle-predownload.txt","439","6273c02435d1c14800012ce083b0f5e8c7487670de335ab04282be190aded474"
"helpers/01_p1_p2_base/p1/requirements-unet-ilp.txt","572","c379d7d7cae4e219364422f97fb2d110bd7eac9512c64b23915de882d858a0d5"
"helpers/01_p1_p2_base/p1/source_scripts/build_biohub_support_pack.py","16869","01a895ece59fd842bd80e936104d6a22be3c498cd87c7b8bf280a1f8367e1556"
"helpers/01_p1_p2_base/p1/source_scripts/package_and_upload_support_pack_version.sh","5072","3d51bbef78075247757dc39df641bfd34223d24b09eb04656709975599994941"
"helpers/01_p1_p2_base/p2/config.json","165","e9b4e396c58081bca08adf8275bd0bd1c2d3fd6eb091a1912a5116cb6de7b50a"
"helpers/01_p1_p2_base/p2/history.csv","89559","dfc4fd06d0c32b31bb1a35944fda1457c7585134e2596583e611c41880960ba2"
"helpers/01_p1_p2_base/p2/SNAPSHOT_MANIFEST.json","1291","11a09cf761999695f5da2dd06d7a7ad32886dc7617d3fde3c8efe081041c9fd2"
"helpers/01_p1_p2_base/p2/split_manifest.json","5359","cbe8ace34ffc157172280538441454b60250f0188faa063d1a9eadfb1ac55c0b"
"helpers/01_p1_p2_base/p2/training_config.json","899","4f29349439e133ad41846dec14b30f5cdbe2b7bb20908c5d0d3d205b5d71a87b"
"helpers/01_p1_p2_base/shared_repo/scripts/augmentations.py","1958","13db09817bf492f8d0f710a0a4d09776320b262060167055090a303fc6057f4e"
"helpers/01_p1_p2_base/shared_repo/scripts/dataspec.py","1229","e69bf952fb985477ac50ff8598a35020c95d20a035a09b81ab4056e655dd311f"
"helpers/01_p1_p2_base/shared_repo/scripts/evaluate.py","6835","614813cc51c3581c6ccda4bb20725a19da8ecac4a27620654bfca58319cffa3c"
"helpers/01_p1_p2_base/shared_repo/scripts/predict_unet_transformer.py","26008","c44e771ba5980b820f93091e03a303c25dfe8f3232e501f54dc9565731c234b9"
"helpers/01_p1_p2_base/shared_repo/scripts/train_unet_transformer.py","49438","c4f6317736bb3bb1ec8f3f6e9a6d935a463e3f0f1f685481b2d13218d35dc9ea"
"helpers/01_p1_p2_base/shared_repo/src/biohub_tracking/__init__.py","86","26a18d8da84e40da73281a48ebc3017d847a2e57431ab63e8629d2109e6e8571"
"helpers/01_p1_p2_base/shared_repo/src/biohub_tracking/division_metrics.py","15872","d1cf1e0a43009d02174f1699ce2aa28458a2220ac4b521731d3bcf31cf8c76be"
"helpers/01_p1_p2_base/shared_repo/src/biohub_tracking/img_proc.py","5319","00e8ef0adc8b39f1aaaa547ea6197b906bf9e8c009e339d3e95f8f8dbf31be3f"
"helpers/01_p1_p2_base/shared_repo/src/biohub_tracking/io.py","13485","efae135b088cecaab463d889f16c885ef6da3ad27b0747327d8ddc28d866b7bd"
"helpers/01_p1_p2_base/shared_repo/src/biohub_tracking/metrics.py","15843","31baf45b54c78f68bab4f65dd8f4b38bca702abb644171c6df7c46cdeef55d83"
"helpers/01_p1_p2_base/shared_repo/src/biohub_tracking/models/__init__.py","246","ab7587ef79856bae50d24b62e5805092d0459ee1c586522b763f9ef70c093e1d"
"helpers/01_p1_p2_base/shared_repo/src/biohub_tracking/models/simple_node_transformer.py","7229","b97209edeb03840e80d903e3e2a8c81c520641c8ef343f6ca2904d0f80db064e"
"helpers/01_p1_p2_base/shared_repo/src/biohub_tracking/models/temporal_unet.py","5112","d809c35d42f504161074ddeaaa7aee5b407e5bca7f9b4e1d5f9b2ff345666cac"
"helpers/01_p1_p2_base/train_unet_transformer.py","49438","c4f6317736bb3bb1ec8f3f6e9a6d935a463e3f0f1f685481b2d13218d35dc9ea"
"helpers/02_model_c/decoder/training_summary.json","4247","03ae1bbe7f1c1728ea1d490ceaf1dc818a92c2aee80493b24149aac3b52347a0"
"helpers/02_model_c/deploy_spec.json","4605","fc611eef9988b74ccb8140ccb3998067cf624365866f4364f1ec62cc0e7a8781"
"helpers/02_model_c/division_balanced_175_20_split.json","4234","cbf5be2726a2436bc8627f62c93b14172edb3371f58f9aed29350788133030de"
"helpers/02_model_c/division_gbm_runtime.py","14505","f7a8270ca712e8b1266d1b0bcbbb6b48b5c131f2fbd062e671d75a8d8ad6508c"
"helpers/02_model_c/model_c_safe_runtime.py","17604","e7feb648699bfd3c22f42fb4382bba0538fe17da0434141aab9d9859cc8ec75b"
"helpers/02_model_c/model_c/config.json","165","fdeff5809574543376eeee4fe83d9c344f45680535b505c9d712ecd77b966a57"
"helpers/02_model_c/MODEL_MANIFEST.json","815","d1e55ddc5eb4952c25ad8ad0013698557ba4cf140910ec6cfe318d3b2a6dafac"
"helpers/02_model_c/README.md","1909","8ce717d3e2095e2b11658f42d7710ba96c2f0466f67514620ae461b14fca9a38"
"helpers/02_model_c/runtime_spec.json","1319","32314e54198234cb354e80aa11097fe147bb790022e823a5a8b023fd455017fe"
"helpers/02_model_c/train_division_pair_model.py","37447","1cea0eeecc0f9db1c37fcfd69ca07d930e50ed46f2ffa78ab6147c2b5c054b90"
"helpers/02_model_c/train_model_c_v2_event_decoder.py","50971","23547db9856f8222895ca69b883a8425abdb66861bf27d15c54fca34a9d21dca"
"helpers/02_model_c/train_unet_transformer.py","49438","c4f6317736bb3bb1ec8f3f6e9a6d935a463e3f0f1f685481b2d13218d35dc9ea"
"helpers/03_source_cardinality/combined_held20_exact_graph_summary.json","8159","6eec8822c26427b84ca79067a6fbdd92735e9a562ef8d032c14e9e9054732a70"
"helpers/03_source_cardinality/deploy_spec.json","1801","a33118eafcfaaa61c4f3f39d49f786f3e34550753f32eca595bbf0689e3c25ec"
"helpers/03_source_cardinality/division_balanced_175_20_split.json","4234","cbf5be2726a2436bc8627f62c93b14172edb3371f58f9aed29350788133030de"
"helpers/03_source_cardinality/export_model_c_native_division_evidence.py","20243","f95134daa8d96d7a69366002be0e57c6c28d959eb0b8e551567d404b3a51c8ee"
"helpers/03_source_cardinality/extract_held_population.py","10746","15585d43a05c0de44ed7cad67a748cb3c3a8e051b259e018988fbb928a1dc95b"
"helpers/03_source_cardinality/extract_public934_cardinality_held20.py","10746","15585d43a05c0de44ed7cad67a748cb3c3a8e051b259e018988fbb928a1dc95b"
"helpers/03_source_cardinality/held20_exact_graph_summary.json","8161","56fd094601c83b73c9ec27363673e6ee0f0758d94477c9423b7f447f4b28cec7"
"helpers/03_source_cardinality/README.md","3080","f255b1142c8b80e675e412842ec8e56d82f0150246dfbecb36cfa746f4aac212"
"helpers/03_source_cardinality/replay_held_graph.py","3649","12259e95c38e761dbee4a733c982d9bc06bf6f7ef3110c683b9e3251773154a6"
"helpers/03_source_cardinality/replay_public934_cardinality_held20.py","3649","12259e95c38e761dbee4a733c982d9bc06bf6f7ef3110c683b9e3251773154a6"
"helpers/03_source_cardinality/source_cardinality_graph_runtime.py","9469","11f2d33e171f53cde768b086da56edb2b11e9071dc25ba46dd13860693009e10"
"helpers/03_source_cardinality/source_cardinality_runtime.py","6175","456ddf3a4b1edd044b419897ee566d191a7f4931bb7957dabf8033ffd48d55f9"
"helpers/03_source_cardinality/tracker_e_data.py","27834","0d4cfa37dee9aaf8b0a31a23e80f9eb91a901e60e817ae55ede607e28941e382"
"helpers/03_source_cardinality/train_public934_source_cardinality_head.py","23929","8f603133b2e7b34df8b92849fc05260dd3acf95e7159f80e8c8f9bc4c6074932"
"helpers/03_source_cardinality/train_source_cardinality_head.py","23929","8f603133b2e7b34df8b92849fc05260dd3acf95e7159f80e8c8f9bc4c6074932"
"helpers/03_source_cardinality/training_summary.json","68621","ff0c1d9e382f2ba6d2e88c94a309644557183fb2611aa2501126ec9d3c2459bd"
"helpers/04_unigraft_p1p2/division_balanced_175_20_split.json","4234","cbf5be2726a2436bc8627f62c93b14172edb3371f58f9aed29350788133030de"
"helpers/04_unigraft_p1p2/package_public949_unigraft_p1p2_independent_v1.py","12474","df08923b1416a06b2a5a3a7ad82931c79b2d6492ddebef393b61331258243bb0"
"helpers/04_unigraft_p1p2/replay_unigraft_p1p2_late_ensemble_held20_v1.py","4485","3e1dd89c0436eca0a9186c46c2cfadec6df06b36a45bf3c7d3f820b1bb8684e4"
"helpers/04_unigraft_p1p2/tracker_e_data.py","27834","0d4cfa37dee9aaf8b0a31a23e80f9eb91a901e60e817ae55ede607e28941e382"
"helpers/04_unigraft_p1p2/train_p1p2_only_cardinality_head.py","8160","b4df319bea62572bcc30eb26f7804aab571dcda72bcdcc60eb4e99137383cbc9"
"helpers/04_unigraft_p1p2/train_public934_p1p2_only_cardinality_head_v1.py","8160","b4df319bea62572bcc30eb26f7804aab571dcda72bcdcc60eb4e99137383cbc9"
"helpers/04_unigraft_p1p2/train_public934_source_cardinality_head.py","23929","8f603133b2e7b34df8b92849fc05260dd3acf95e7159f80e8c8f9bc4c6074932"
"helpers/04_unigraft_p1p2/training_summary.json","111228","3f99e86049b674c68b7d06480124719c7ac54c963d36856983c82163e73f314e"
"helpers/04_unigraft_p1p2/unigraft_p1p2_late_ensemble_runtime.py","15577","b89e565f1322021485fe0adf9071dc81c10e2827a7c441b85c26d36eac8f5170"
"helpers/05_live_v2/build_live_v2_global_bundle.py","6170","ae9791bb16dd8e0b2a865efee69d56d503241f5e885f142d401ffd97a2db2c3e"
"helpers/05_live_v2/build_public952_live_v2_global_bundle_v2.py","6170","ae9791bb16dd8e0b2a865efee69d56d503241f5e885f142d401ffd97a2db2c3e"
"helpers/05_live_v2/live_v2_global_bundle_runtime_v1.py","28607","b11d816710b1de1abdd25f25d3d2a416784a208ad56ab56cc249f59abfd24954"
"helpers/05_live_v2/live_v2_global_bundle_runtime.py","28607","b11d816710b1de1abdd25f25d3d2a416784a208ad56ab56cc249f59abfd24954"
"helpers/05_live_v2/manifest.json","1076","0a570a190741aeb981f3695b0816932264cc1303cb9fc8f9047ad2aece34ff3f"
"helpers/05_live_v2/package_live_v2_global_bundle_v2.py","4148","2c63321d8faa95ead8e9c392e66ddc97eeeb2c7c8f6085bfc0059284229eca22"
"helpers/05_live_v2/package_live_v2_global_bundle.py","4148","2c63321d8faa95ead8e9c392e66ddc97eeeb2c7c8f6085bfc0059284229eca22"
"helpers/05_live_v2/README.md","1030","add858d04a218f8ff359936ed8d2f020c3d379fba0010bc537ff02f82eb3ac0d"
"helpers/05_live_v2/SHA256SUMS.json","282","b01831f4ef1874870f59925a894d7b63a133023f6e7d9605837491195dba6ad0"
"helpers/05_live_v2/validate_live_v2_global_bundle.py","4140","6fadc2ef5ae9767d440e3c7e71b219121881c3ed0123dcda6df98302c0012fb8"
"helpers/05_live_v2/validate_public952_live_v2_global_bundle_release_v2.py","4140","6fadc2ef5ae9767d440e3c7e71b219121881c3ed0123dcda6df98302c0012fb8"
"helpers/05_live_v2/validate_public952_live_v2_global_bundle_v2.py","3968","61a9e4a95aeee9146b7b988a53d564b7e9de26d3baad9f2ffd1c81539cbe006d"
"helpers/06_full_population_ownership/benchmark_ownership_feature_groups_v3.py","5885","c10c9d86d793416e4bdbd51dcf152c4fd7879947c3c7eb58333f19440c47dc77"
"helpers/06_full_population_ownership/build_ug12_ownership_geometry_bank_v2.py","9239","3c2bf024d257ffd96a647a724da7187f5cdb580986a29ed3596fa6c70c8c00c3"
"helpers/06_full_population_ownership/deploy_spec.json","2509","d403490d27e5f952c6b5fa1e24844043417be8d2cc3b452149a34ef2592820b7"
"helpers/06_full_population_ownership/manifest.json","917","66296edbca1ecfd0c742b7c4268c6c45f189701624d710c66282f2f7eb1fdc81"
"helpers/06_full_population_ownership/materialize_ownership_full_population_after_specialist_v1.py","6289","105ccba6ab02c3101f36915056091160ec5bee73168cae4df3dbaa55941cdcb6"
"helpers/06_full_population_ownership/ownership_full_population_runtime_v1.py","17464","1e274d0abd1219d92c4c0ceeba6315d1c7422781c49ea4a88e318e187da3bdb4"
"helpers/06_full_population_ownership/ownership_runtime.py","17464","1e274d0abd1219d92c4c0ceeba6315d1c7422781c49ea4a88e318e187da3bdb4"
"helpers/06_full_population_ownership/package_full_population_ownership_kaggle_v1.py","12777","fccb11b1796861745bb4b23330db2880ff73f89d568de2f472817bce5dff1c82"
"helpers/06_full_population_ownership/package_full_population_ownership.py","12777","fccb11b1796861745bb4b23330db2880ff73f89d568de2f472817bce5dff1c82"
"helpers/06_full_population_ownership/README.md","189","c6161db1ba23c28a2606b9072fbdec1c5bfb31184a8dfd3ca0919efc8ad77c47"
"helpers/06_full_population_ownership/replay_ownership_after_specialist_exact_v1.py","10472","c7da0e0f8073ef7cb88bc4a2f7da02dd33cd4dda9ef0fa18f8c5857eaadc7ea3"
"helpers/06_full_population_ownership/run_ownership_full_population_after_specialist_exact_v1.sh","2327","97342521b9d5aa7986dadab860dc840ca510a5376e0d6592f6ae264ef0f8c4c2"
"helpers/06_full_population_ownership/score_and_fit_ownership_oof.py","8390","0a25e5f2b128f4a1419e5e3d63ecec386f56664aa47062be33d56994acea819b"
"helpers/06_full_population_ownership/score_ownership_open_recall_oof_v2.py","8390","0a25e5f2b128f4a1419e5e3d63ecec386f56664aa47062be33d56994acea819b"
"helpers/07_edgegraft/artifact/edgegraft_component_runtime_v1.py","35189","74319ace96f43e370c6dab1a965bb425642b6248924a0b3073f3a2e5a6b5c2e7"
"helpers/07_edgegraft/artifact/edgegraft_v15_runtime_v1.py","33470","c5375e55ede4d71559d06d737ac17d843158ac5c54bfc5b18a3b99542a2df466"
"helpers/07_edgegraft/artifact/edgegraft_v3_deploy_runtime_v1.py","6479","f59f912fad64d44c34bb491dfc7644b72ed6b8607af7744b6f6d83c3f06103aa"
"helpers/07_edgegraft/artifact/edgegraft_v3_deploy_runtime_v2.py","1051","240429890fe05bdcdb227a1bbe2809c241db69b6bb5a61d952903878deb6374e"
"helpers/07_edgegraft/artifact/edgegraft_v3_deploy_runtime_v3.py","3515","a1e977e44f7f7036cef3a7117318dc163ba675c08e57844a16035f7887013d87"
"helpers/07_edgegraft/artifact/edgegraft_v3_deploy_runtime_v4.py","1361","c379a7aee2282a7fe13e9e2209a58f693bd09c66c6c0a580dec5e792b8d2f1c2"
"helpers/07_edgegraft/artifact/edgegraft_v3_deploy_runtime_v5.py","861","14e7bbf89ac1c8dcab03095e7d993b6fb930071c7fe581c123db3e734c4f7837"
"helpers/07_edgegraft/artifact/manifest.json","4186","bb698828c776dc46a659b9c456ef7b2814471d1097847b32cdf8c7bb1c16a45b"
"helpers/07_edgegraft/artifact/metric/report.json","14746","2e5432009b68707217e60d3f74d84c040e3f27a1e67d72f65f2c1a5f8e201dc8"
"helpers/07_edgegraft/artifact/ranker/report.json","6079","658af9126cbeb54e2680881295ed0a7a074124dc4cd135659db4d0fd5a1ab21c"
"helpers/07_edgegraft/artifact/README.md","306","cb2187be0ba110b0352a22f84e6414a2e337252302de604b8a66d4dc9345b995"
"helpers/07_edgegraft/package_edgegraft_v3.py","4305","2f512c71cf53b1cbe12958b088f1c2a654e367784980500c918222a6000c0f39"
"helpers/07_edgegraft/train_edgegraft_parent_ranker.py","3034","1fcc50b30228afd5b2586162fb6ab04d921e001764d600422510d95d3c4d9fe1"
"helpers/07_edgegraft/train_edgegraft_transaction_gate.py","11278","e4d39257ed13313891734f3b6e58f8c8fe46dfb6bdae9fd159c012edc815ab1b"
"helpers/07_edgegraft/training/audit_edgegraft_component_oracle_v1.py","13470","129f58bbfbd2a503acf431d80ec5667006b4c56664d40fedde252f2ace34d6b5"
"helpers/07_edgegraft/training/build_edgegraft_current_labels_v2.py","9217","d2fdf5b96176ce831136ea22a4356bf77d7671e2356611f12049f491cf86be92"
"helpers/07_edgegraft/training/package_edgegraft_v3_full_population.py","4305","2f512c71cf53b1cbe12958b088f1c2a654e367784980500c918222a6000c0f39"
"helpers/07_edgegraft/training/replay_edgegraft_component_model_v1.py","9107","19529a56aa9e202502e3af6e277182d7cd2b72e7113bd36c5d58ad01d339ded0"
"helpers/07_edgegraft/training/run_edgegraft_current_labels_v2.sh","487","99ab07957f54dca45f62b1e41a80f2b4ea5bb3ca4bc1e92606ffb64be4a131d0"
"helpers/07_edgegraft/training/run_ug23_boundary_oof_exact_v1.sh","1776","f02d5630e94cfef74feb022ef5cda034a187ba53578ff7ac676cea3e87e0dcdd"
"helpers/07_edgegraft/training/train_edgegraft_current_ranker_v2.py","7080","0589e04fe3d202a06a87c7e4a50a5bde7608c81e22fa29adc040aecc451607ac"
"helpers/07_edgegraft/training/train_edgegraft_current_ranker_v3.py","3034","1fcc50b30228afd5b2586162fb6ab04d921e001764d600422510d95d3c4d9fe1"
"helpers/07_edgegraft/training/train_edgegraft_v2_transaction_gate.py","7496","56bcfcff88b050cc224457096da9da3a5e219454564e931c71df16b684991499"
"helpers/07_edgegraft/training/train_edgegraft_v3_metric_transaction_gate.py","11278","e4d39257ed13313891734f3b6e58f8c8fe46dfb6bdae9fd159c012edc815ab1b"
"helpers/08_candidategraft/artifact/candidategraft_direct_runtime_v1.py","5730","bf01b2a814db7e6f7ceefd8c1d07d5065604df68b15128c3559a1b5d771af70f"
"helpers/08_candidategraft/artifact/manifest.json","934","3c9864c108896813de8873a4aaefc90cefb072f31db8bde224a719fb15b3030f"
"helpers/08_candidategraft/artifact/README.md","619","246b16fdc4422949b4f41ef75052108da3d9bf30e65002479ae77fe876d25e69"
"helpers/08_candidategraft/artifact/report.json","3628","322e522498c8020a461ef5208141b41a55bd1f5db506b3cd22e62f7b66a441b4"
"helpers/08_candidategraft/build_candidategraft_package.py","13472","f570c22a5f9227da9843f2a389b25a8de901efa47b5e56e98ef2c028e08d0706"
"helpers/08_candidategraft/replay_final_fit.py","3644","58e7a58b20370451a820e6dd3ecd6bb115990e2c719c5539cd6a7503491a7186"
"helpers/08_candidategraft/replay_held20.py","5696","963a1b6a2d985c62cdb9e267bba93c8660e888d96261304f89fefd3de006c0fc"
"helpers/08_candidategraft/train_candidategraft_direct.py","2654","f7393d626b2f1b88f5317fb2c681729a1814ec8fe389d3e09f2215f758434c42"
"helpers/08_candidategraft/training/audit_native_endpoint_candidate_graft_v1.py","15977","f132d6f5cf8913ae2c0c88ccb185dfbb07ad52cd5daad67eacde3390ee9bcb27"
"helpers/08_candidategraft/training/build_candidategraft_direct_candidate_v1.py","13472","f570c22a5f9227da9843f2a389b25a8de901efa47b5e56e98ef2c028e08d0706"
"helpers/08_candidategraft/training/replay_candidategraft_direct_final_fit_v1.py","3644","58e7a58b20370451a820e6dd3ecd6bb115990e2c719c5539cd6a7503491a7186"
"helpers/08_candidategraft/training/replay_candidategraft_direct_held20_v1.py","5696","963a1b6a2d985c62cdb9e267bba93c8660e888d96261304f89fefd3de006c0fc"
"helpers/08_candidategraft/training/replay_native_endpoint_candidate_graft_v1.py","6678","c2e4080d3086363b7bfcc9b246174be7d988b851d4b0c84eeb0d5a8568fc7c53"
"helpers/08_candidategraft/training/screen_native_endpoint_candidate_graft_v1.py","6040","cc297a1917ed8222152809e117f1b70d9bc21bfa796173409bef9072aaa871a9"
"helpers/08_candidategraft/training/train_candidategraft_direct_v1.py","2654","f7393d626b2f1b88f5317fb2c681729a1814ec8fe389d3e09f2215f758434c42"
"helpers/09_motion_corrector/CURRENT_PRODUCTION/checkpoint_inspection.json","1877","b99b79f07884d546605b98458f0e01a9ca575e609e09303d606350608cd0174a"
"helpers/09_motion_corrector/CURRENT_PRODUCTION/inspect_checkpoint.py","1054","2096b26d3ede04faffe324d93a0ce2da191127cd2b628230dd8e7050bd299581"
"helpers/09_motion_corrector/CURRENT_PRODUCTION/validation_history.json","4623","22bf73ac4220072d9c069eeda6f8e3e68cab385a88a3d5e94af750c3775c6121"
"helpers/09_motion_corrector/MANIFEST.json","40572","c70e0d7af05ebf11d8bb210ebe1ab49eaa59a18cf241dca32da5dd2590980484"
"helpers/09_motion_corrector/PRODUCTION_RUNTIME/production_motion_runtime_excerpt.py","2025","d165063220ba241b75e37de225f7e310fa31152a727d102c0136a3b9cb1c4a7d"
"helpers/09_motion_corrector/PRODUCTION_RUNTIME/production_runtime_contract.json","1416","6309ee45a134d17072e092e34488259aeeaa6f2a2b295572337481979cee97bc"
"helpers/09_motion_corrector/README.md","7879","bfb80992b92ea207792a00defd4c1c0040eccd4d091f99bdc9ebf8091c125f1c"
"helpers/09_motion_corrector/SHA256SUMS.txt","24442","5fb8a4ac8c2f8b545949621f29558c01e54f695af46873643f74283a5d36c87b"
"helpers/09_motion_corrector/train_motion_cost_corrector.py","11622","3f801a3dd557e9e5293c0894c0f22a27b4afe8acb19d54c2d608239c13125aed"
"helpers/09_motion_corrector/TRAINING_V1/AB_GRAPH_IDENTITY.md","945","1ab00e558c5abafd42b1bfad2ce8e2b71f4a12a841554b68bf8b55ddb6c870ac"
"helpers/09_motion_corrector/TRAINING_V1/finetune_edge_head_on_proposals.py","30102","a93b1593261a8e51c0fcc44515685bcb87e0b2d736f480c1aaae2c2a7ecc107d"
"helpers/09_motion_corrector/TRAINING_V1/splits_ensembleB.json","4021","bd8412cd8b4033d665a0fdcdcb2f5da288ce679266c964d655b5381c5e8bfad9"
"helpers/09_motion_corrector/TRAINING_V1/train_motion_cost_corrector.py","11622","3f801a3dd557e9e5293c0894c0f22a27b4afe8acb19d54c2d608239c13125aed"
"helpers/09_motion_corrector/TRAINING_V1/TRAINING_POPULATION.md","1096","643e4f263621a2759020eab9abd0df25fde515f54a3de6dc981e87a2959ffa59"
"helpers/10_deepcenter/ARTIFACT_MANIFEST.json","7071","3bfe97304e9bbc3b3481a095392a1e83937315325bac8b987eb527d2951b96f3"
"helpers/10_deepcenter/build_full_frame_center_pack.py","13367","bb5dcb238bb1bf56f130d0ad028329a210b714a62bf2e433cf4a64412c361be0"
"helpers/10_deepcenter/README.md","1499","f3cc09ddb5d4604c5653330f54d87177a89420c2630d8f87864abfc5e667d5ed"
"helpers/10_deepcenter/run_full_frame_center_training.sh","9456","262c6a833794e6223c95c9ea2ec29efe734d2bc63a23eb3e9ab9c2df73702d71"
"helpers/10_deepcenter/source_scripts/build_full_frame_center_pack.py","13367","bb5dcb238bb1bf56f130d0ad028329a210b714a62bf2e433cf4a64412c361be0"
"helpers/10_deepcenter/source_scripts/package_and_upload_full_frame_center_pack.sh","4586","bcab0b41370673214760a86db2057599f4155a5762343a04587dddbcebbf68b5"
"helpers/10_deepcenter/source_scripts/run_full_frame_center_training.sh","9456","262c6a833794e6223c95c9ea2ec29efe734d2bc63a23eb3e9ab9c2df73702d71"
"helpers/10_deepcenter/source_scripts/train_full_frame_center_detector.py","43133","96f39e25901fc3f728d08d945efa62c5eac28d4ef771d71889053b65396cde5e"
"helpers/10_deepcenter/train_full_frame_center_detector.py","43133","96f39e25901fc3f728d08d945efa62c5eac28d4ef771d71889053b65396cde5e"
"helpers/10_deepcenter/validation/config.json","527","9b0d1d8a0bbcd6661795efe1c1221288ee152f29a6d63ded26278986b74e97b3"
"helpers/10_deepcenter/validation/gate_frame_metrics.csv","216769","5bc49b72f9a0ed793c0aba24a5c5d71c677a2e3a565151ec5756751c6f7f5734"
"helpers/10_deepcenter/validation/gate_peak_samples.csv","3362105","c3e3a837267976b5002a83815223f7b05a3da66346a7d554b955415a0eb87780"
"helpers/10_deepcenter/validation/gate_summary.json","3662","0062df0daed741157b816d64d10aee8cd0d02a12408effc8a8950a26ebb3b7d7"
"helpers/10_deepcenter/validation/gate_threshold_metrics.csv","1063","357e4a364e5fa21f0381f6e779ed5478e3e43133bb6a665712b3a8dd8263d08c"
"helpers/10_deepcenter/validation/history.csv","43208","59f6ef2a342ccfc6464990606557ba9e71baeced3e447d21f8cc3f5a7656f4ce"
"helpers/10_deepcenter/validation/SNAPSHOT_MANIFEST.json","1920","e7d791b1500610602f33a1e0576f04804a734762df306ff008226b9f2c608d6e"
"helpers/10_deepcenter/validation/split_manifest.json","8447","c1cc5b597fa9bc647390920affdd5bc4cb27ee1ea84e1cedb59d108a68c2a845"
"production/fork-of-fork-of-division-focused.ipynb","464238","0c141c83ce67fb24a4c30fcc65b06856331f2aa17119bac8f36502fb337f7ec2"
"README.md","4796","09b38cbf20441e9b68ca166c2043dec425b3a6774f5029926416859ace9e53fc"
"SOURCE_FILE_ORIGINS.csv","39749","be1784906c703c88826e9602b55272c46aedd0c747f38752efdbaa1309cc4172"
"TRAINING_AND_GRAPH_PROVENANCE.md","12254","b825b0df25efbbf13a91ccf49d0c32f617e7549233986b33a27a138a4fe57a4c"
"VALIDATION.md","5569","75f2459ba0aaddb70600cb2ac4bef71e258fdf0fb7e8443af958c3f46a71e33b"
